<?xml version="1.0" encoding="UTF-8"?>
<project-private xmlns="http://www.netbeans.org/ns/project-private/1">
    <editor-bookmarks xmlns="http://www.netbeans.org/ns/editor-bookmarks/2" lastBookmarkId="0"/>
    <open-files xmlns="http://www.netbeans.org/ns/projectui-open-files/2">
        <group>
            <file>file:/C:/Users/Labnan/Documents/NetBeansProjects/RSA%20Encryption%20Revised/src/rsa/encryption/revised/RSAEncryptionRevised.java</file>
            <file>file:/C:/Users/Labnan/Documents/NetBeansProjects/RSA%20Encryption%20Revised/src/rsa/encryption/revised/Cryptor.java</file>
        </group>
    </open-files>
</project-private>
